AWP Lightning Strike,Covert,The Arms Deal Collection
Desert Eagle Hypnotic,Classified,The Arms Deal Collection
AK-47 Case Hardened,Classified,The Arms Deal Collection
Glock-18 Dragon Tattoo,Restricted,The Arms Deal Collection
USP-S Dark Water,Restricted,The Arms Deal Collection
M4A1-S Dark Water,Restricted,The Arms Deal Collection
AUG Wings,Mil-spec,The Arms Deal Collection
SG 553 Ultraviolet,Mil-spec,The Arms Deal Collection
MP7 Skulls,Mil-spec,The Arms Deal Collection
Glock-18 Fade,Restricted,The Assault Collection
MP9 Bulldozer,Restricted,The Assault Collection
AUG Hot Rod,Mil-spec,The Assault Collection
Negev Anodized Navy,Mil-spec,The Assault Collection
Five-SeveN Candy Apple,Industrial,The Assault Collection
UMP-45 Caramel,Consumer,The Assault Collection
SG 553 Tornado,Consumer,The Assault Collection
Tec-9 Ossified,Mil-spec,The Aztec Collection
M4A4 Jungle Tiger,Industrial,The Aztec Collection
AK-47 Jungle Spray,Industrial,The Aztec Collection
SSG 08 Lichen Dashed,Consumer,The Aztec Collection
Five-SeveN Jungle,Consumer,The Aztec Collection
Nova Forest Leaves,Consumer,The Aztec Collection
Glock-18 Brass,Restricted,The Dust Collection
Desert Eagle Blaze,Restricted,The Dust Collection
P2000 Scorpion,Restricted,The Dust Collection
AWP Snake Camo,Mil-spec,The Dust Collection
Sawed-Off Copper,Mil-spec,The Dust Collection
AUG Copperhead,Mil-spec,The Dust Collection
SCAR-20 Palm,Industrial,The Dust Collection
AK-47 Predator,Industrial,The Dust Collection
M4A4 Desert Storm,Industrial,The Dust Collection
P90 Death by Kitty,Covert,The eSports 2013 Collection
AWP BOOM,Classified,The eSports 2013 Collection
AK-47 Red Laminate,Classified,The eSports 2013 Collection
P250 Splash,Restricted,The eSports 2013 Collection
Sawed-Off Orange DDPAT,Restricted,The eSports 2013 Collection
Galil AR Orange DDPAT,Restricted,The eSports 2013 Collection
FAMAS Doomkitty,Mil-spec,The eSports 2013 Collection
MAG-7 Memento,Mil-spec,The eSports 2013 Collection
M4A4 Faded Zebra,Mil-spec,The eSports 2013 Collection
Tec-9 Brass,Mil-spec,The Inferno Collection
Dual Berettas Anodized Navy,Mil-spec,The Inferno Collection
M4A4 Tornado,Industrial,The Inferno Collection
P250 Gunsmoke,Industrial,The Inferno Collection
Nova Walnut,Consumer,The Inferno Collection
MAG-7 Sand Dune,Consumer,The Inferno Collection
SCAR-20 Splash Jam,Classified,The Militia Collection
M4A4 Modern Hunter,Restricted,The Militia Collection
P250 Modern Hunter,Mil-spec,The Militia Collection
Nova Modern Hunter,Mil-spec,The Militia Collection
Nova Blaze Orange,Mil-spec,The Militia Collection
XM1014 Blaze Orange,Mil-spec,The Militia Collection
PP-Bizon Modern Hunter,Mil-spec,The Militia Collection
P2000 Grassland Leaves,Industrial,The Militia Collection
XM1014 Grassland,Consumer,The Militia Collection
MAC-10 Tornado,Consumer,The Militia Collection
PP-Bizon Forest Leaves,Consumer,The Militia Collection
P250 Nuclear Threat,Restricted,The Nuke Collection
Tec-9 Nuclear Threat,Restricted,The Nuke Collection
M4A4 Radiation Hazard,Mil-spec,The Nuke Collection
UMP-45 Fallout Warning,Industrial,The Nuke Collection
XM1014 Fallout Warning,Industrial,The Nuke Collection
P90 Fallout Warning,Industrial,The Nuke Collection
MAG-7 Irradiated Alert,Consumer,The Nuke Collection
Sawed-Off Irradiated Alert,Consumer,The Nuke Collection
PP-Bizon Irradiated Alert,Consumer,The Nuke Collection
MP7 Whiteout,Mil-spec,The Office Collection
P2000 Silver,Mil-spec,The Office Collection
M249 Blizzard Marbleized,Industrial,The Office Collection
G3SG1 Arctic Camo,Industrial,The Office Collection
Galil AR Winter Forest,Industrial,The Office Collection
FAMAS Contrast Spray,Consumer,The Office Collection
Dual Berettas Demolition,Restricted,The Vertigo Collection
AK-47 Black Laminate,Mil-spec,The Vertigo Collection
P90 Glacier Mesh,Mil-spec,The Vertigo Collection
PP-Bizon Carbon Fiber,Industrial,The Vertigo Collection
XM1014 Urban Perforated,Consumer,The Vertigo Collection
MAC-10 Urban DDPAT,Consumer,The Vertigo Collection
SCAR-20 Emerald,Restricted,The Alpha Collection
FAMAS Spitfire,Restricted,The Alpha Collection
AUG Anodized Navy,Mil-spec,The Alpha Collection
PP-Bizon Rust Coat,Mil-spec,The Alpha Collection
MAG-7 Hazard,Mil-spec,The Alpha Collection
P250 Facets,Industrial,The Alpha Collection
Sawed-Off Mosaico,Industrial,The Alpha Collection
Negev Palm,Industrial,The Alpha Collection
SSG 08 Mayan Dreams,Industrial,The Alpha Collection
Glock-18 Sand Dune,Industrial,The Alpha Collection
MP7 Groundwater,Consumer,The Alpha Collection
XM1014 Jungle,Consumer,The Alpha Collection
Five-SeveN Anodized Gunmetal,Consumer,The Alpha Collection
MP9 Dry Season,Consumer,The Alpha Collection
Tec-9 Tornado,Consumer,The Alpha Collection
M249 Jungle DDPAT,Consumer,The Alpha Collection
AK-47 Fire Serpent,Covert,The Bravo Collection
Desert Eagle Golden Koi,Covert,The Bravo Collection
AWP Graphite,Classified,The Bravo Collection
P2000 Ocean Foam,Classified,The Bravo Collection
P90 Emerald Dragon,Classified,The Bravo Collection
USP-S Overgrowth,Restricted,The Bravo Collection
MAC-10 Graven,Restricted,The Bravo Collection
M4A4 Zirka,Restricted,The Bravo Collection
M4A1-S Bright Water,Restricted,The Bravo Collection
G3SG1 Demeter,Mil-spec,The Bravo Collection
Galil AR Shattered,Mil-spec,The Bravo Collection
SG 553 Wave Spray,Mil-spec,The Bravo Collection
UMP-45 Bone Pile,Mil-spec,The Bravo Collection
Dual Berettas Black Limba,Mil-spec,The Bravo Collection
Nova Tempest,Mil-spec,The Bravo Collection
SSG 08 Blood in the Water,Covert,The Arms Deal 2 Collection
USP-S Serum,Classified,The Arms Deal 2 Collection
P90 Cold Blooded,Classified,The Arms Deal 2 Collection
Dual Berettas Hemoglobin,Restricted,The Arms Deal 2 Collection
Nova Graphite,Restricted,The Arms Deal 2 Collection
MP9 Hypnotic,Restricted,The Arms Deal 2 Collection
Five-SeveN Case Hardened,Restricted,The Arms Deal 2 Collection
SCAR-20 Crimson Web,Mil-spec,The Arms Deal 2 Collection
P250 Hive,Mil-spec,The Arms Deal 2 Collection
FAMAS Hexane,Mil-spec,The Arms Deal 2 Collection
M4A1-S Blood Tiger,Mil-spec,The Arms Deal 2 Collection
Tec-9 Blue Titanium,Mil-spec,The Arms Deal 2 Collection
P2000 Amber Fade,Restricted,The Dust 2 Collection
M4A1-S VariCamo,Mil-spec,The Dust 2 Collection
SG 553 Damascus Steel,Mil-spec,The Dust 2 Collection
PP-Bizon Brass,Mil-spec,The Dust 2 Collection
Sawed-Off Snake Camo,Industrial,The Dust 2 Collection
Five-SeveN Orange Peel,Industrial,The Dust 2 Collection
Tec-9 VariCamo,Industrial,The Dust 2 Collection
AK-47 Safari Mesh,Industrial,The Dust 2 Collection
MAC-10 Palm,Industrial,The Dust 2 Collection
P250 Sand Dune,Consumer,The Dust 2 Collection
SCAR-20 Sand Mesh,Consumer,The Dust 2 Collection
Nova Predator,Consumer,The Dust 2 Collection
G3SG1 Desert Storm,Consumer,The Dust 2 Collection
MP9 Sand Dashed,Consumer,The Dust 2 Collection
P90 Sand Spray,Consumer,The Dust 2 Collection
AWP Pit Viper,Restricted,The Italy Collection
Sawed-Off Full Stop,Mil-spec,The Italy Collection
MP7 Anodized Navy,Mil-spec,The Italy Collection
M4A1-S Boreal Forest,Industrial,The Italy Collection
Nova Candy Apple,Industrial,The Italy Collection
UMP-45 Gunsmoke,Industrial,The Italy Collection
XM1014 CaliCamo,Industrial,The Italy Collection
Dual Berettas Stained,Industrial,The Italy Collection
P2000 Granite Marbleized,Industrial,The Italy Collection
Nova Sand Dune,Consumer,The Italy Collection
AUG Contractor,Consumer,The Italy Collection
Tec-9 Groundwater,Consumer,The Italy Collection
FAMAS Colony,Consumer,The Italy Collection
PP-Bizon Sand Dashed,Consumer,The Italy Collection
Dual Berettas Cobalt Quartz,Restricted,The Lake Collection
USP-S Night Ops,Mil-spec,The Lake Collection
SG 553 Anodized Navy,Mil-spec,The Lake Collection
P90 Teardown,Mil-spec,The Lake Collection
AWP Safari Mesh,Industrial,The Lake Collection
XM1014 Blue Steel,Industrial,The Lake Collection
Desert Eagle Mudder,Industrial,The Lake Collection
FAMAS Cyanospatter,Industrial,The Lake Collection
PP-Bizon Night Ops,Industrial,The Lake Collection
P250 Boreal Forest,Consumer,The Lake Collection
AUG Storm,Consumer,The Lake Collection
XM1014 Blue Spruce,Consumer,The Lake Collection
G3SG1 Jungle Dashed,Consumer,The Lake Collection
Galil AR Sage Spray,Consumer,The Lake Collection
SG 553 Waves Perforated,Consumer,The Lake Collection
MAG-7 Bulldozer,Restricted,The Mirage Collection
UMP-45 Blaze,Mil-spec,The Mirage Collection
MAC-10 Amber Fade,Mil-spec,The Mirage Collection
MP9 Hot Rod,Mil-spec,The Mirage Collection
Negev CaliCamo,Industrial,The Mirage Collection
Glock-18 Groundwater,Industrial,The Mirage Collection
SG 553 Gator Mesh,Industrial,The Mirage Collection
SSG 08 Tropical Storm,Industrial,The Mirage Collection
MP7 Orange Peel,Industrial,The Mirage Collection
P250 Bone Mask,Consumer,The Mirage Collection
AUG Colony,Consumer,The Mirage Collection
Five-SeveN Contractor,Consumer,The Mirage Collection
G3SG1 Safari Mesh,Consumer,The Mirage Collection
Galil AR Hunting Blind,Consumer,The Mirage Collection
P90 Scorched,Consumer,The Mirage Collection
M4A1-S Nitro,Restricted,The Safehouse Collection
Five-SeveN Silver Quartz,Mil-spec,The Safehouse Collection
FAMAS Teardown,Mil-spec,The Safehouse Collection
SSG 08 Acid Fade,Mil-spec,The Safehouse Collection
USP-S Forest Leaves,Industrial,The Safehouse Collection
M249 Gator Mesh,Industrial,The Safehouse Collection
AUG Condemned,Industrial,The Safehouse Collection
G3SG1 VariCamo,Industrial,The Safehouse Collection
Galil AR VariCamo,Industrial,The Safehouse Collection
MP9 Orange Peel,Industrial,The Safehouse Collection
SCAR-20 Contractor,Consumer,The Safehouse Collection
Tec-9 Army Mesh,Consumer,The Safehouse Collection
Dual Berettas Contractor,Consumer,The Safehouse Collection
SSG 08 Blue Spruce,Consumer,The Safehouse Collection
MP7 Army Recon,Consumer,The Safehouse Collection
Tec-9 Red Quartz,Restricted,The Train Collection
Sawed-Off Amber Fade,Mil-spec,The Train Collection
Desert Eagle Urban Rubble,Mil-spec,The Train Collection
P250 Metallic DDPAT,Industrial,The Train Collection
SCAR-20 Carbon Fiber,Industrial,The Train Collection
MAG-7 Metallic DDPAT,Industrial,The Train Collection
M4A4 Urban DDPAT,Industrial,The Train Collection
MAC-10 Candy Apple,Industrial,The Train Collection
P90 Ash Wood,Industrial,The Train Collection
Nova Polar Mesh,Consumer,The Train Collection
UMP-45 Urban DDPAT,Consumer,The Train Collection
Five-SeveN Forest Night,Consumer,The Train Collection
Dual Berettas Colony,Consumer,The Train Collection
G3SG1 Polar Camo,Consumer,The Train Collection
PP-Bizon Urban Dashed,Consumer,The Train Collection
M4A4 X-Ray,Covert,The eSports 2013 Winter Collection
Desert Eagle Cobalt Disruption,Classified,The eSports 2013 Winter Collection
AWP Electric Hive,Classified,The eSports 2013 Winter Collection
FAMAS Afterimage,Classified,The eSports 2013 Winter Collection
P90 Blind Spot,Restricted,The eSports 2013 Winter Collection
AK-47 Blue Laminate,Restricted,The eSports 2013 Winter Collection
P250 Steel Disruption,Mil-spec,The eSports 2013 Winter Collection
G3SG1 Azure Zebra,Mil-spec,The eSports 2013 Winter Collection
Nova Ghost Camo,Mil-spec,The eSports 2013 Winter Collection
PP-Bizon Water Sigil,Mil-spec,The eSports 2013 Winter Collection
Five-SeveN Nightshade,Mil-spec,The eSports 2013 Winter Collection
Galil AR Blue Titanium,Mil-spec,The eSports 2013 Winter Collection
M4A4 Asiimov,Covert,The Winter Offensive Collection
Sawed-Off The Kraken,Covert,The Winter Offensive Collection
AWP Redline,Classified,The Winter Offensive Collection
P250 Mehndi,Classified,The Winter Offensive Collection
M4A1-S Guardian,Classified,The Winter Offensive Collection
FAMAS Pulse,Restricted,The Winter Offensive Collection
Dual Berettas Marina,Restricted,The Winter Offensive Collection
MP9 Rose Iron,Restricted,The Winter Offensive Collection
Nova Rising Skull,Restricted,The Winter Offensive Collection
Galil AR Sandstorm,Mil-spec,The Winter Offensive Collection
Five-SeveN Kami,Mil-spec,The Winter Offensive Collection
M249 Magma,Mil-spec,The Winter Offensive Collection
PP-Bizon Cobalt Halftone,Mil-spec,The Winter Offensive Collection
CZ75-Auto Victoria,Covert,The Arms Deal 3 Collection
CZ75-Auto The Fuschia Is Now,Classified,The Arms Deal 3 Collection
P250 Undertow,Classified,The Arms Deal 3 Collection
CZ75-Auto Tread Plate,Restricted,The Arms Deal 3 Collection
Tec-9 Titanium Bit,Restricted,The Arms Deal 3 Collection
Desert Eagle Heirloom,Restricted,The Arms Deal 3 Collection
Five-SeveN Copper Galaxy,Restricted,The Arms Deal 3 Collection
CZ75-Auto Crimson Web,Mil-spec,The Arms Deal 3 Collection
P2000 Red FragCam,Mil-spec,The Arms Deal 3 Collection
Dual Berettas Panther,Mil-spec,The Arms Deal 3 Collection
USP-S Stainless,Mil-spec,The Arms Deal 3 Collection
Glock-18 Blue Fissure,Mil-spec,The Arms Deal 3 Collection
AWP Asiimov,Covert,The Phoenix Collection
AUG Chameleon,Covert,The Phoenix Collection
AK-47 Redline,Classified,The Phoenix Collection
P90 Trigon,Classified,The Phoenix Collection
Nova Antique,Classified,The Phoenix Collection
MAC-10 Heat,Restricted,The Phoenix Collection
SG 553 Pulse,Restricted,The Phoenix Collection
USP-S Guardian,Restricted,The Phoenix Collection
FAMAS Sergeant,Restricted,The Phoenix Collection
UMP-45 Corporal,Mil-spec,The Phoenix Collection
Negev Terrain,Mil-spec,The Phoenix Collection
Tec-9 Sandstorm,Mil-spec,The Phoenix Collection
MAG-7 Heaven Guard,Mil-spec,The Phoenix Collection
P250 Franklin,Classified,The Bank Collection
AK-47 Emerald Pinstripe,Restricted,The Bank Collection
CZ75-Auto Tuxedo,Mil-spec,The Bank Collection
Galil AR Tuxedo,Mil-spec,The Bank Collection
Desert Eagle Meteorite,Mil-spec,The Bank Collection
G3SG1 Green Apple,Industrial,The Bank Collection
Glock-18 Death Rattle,Industrial,The Bank Collection
MAC-10 Silver,Industrial,The Bank Collection
Nova Caged Steel,Industrial,The Bank Collection
UMP-45 Carbon Fiber,Industrial,The Bank Collection
MP7 Forest DDPAT,Consumer,The Bank Collection
Sawed-Off Forest DDPAT,Consumer,The Bank Collection
Tec-9 Urban DDPAT,Consumer,The Bank Collection
Negev Army Sheen,Consumer,The Bank Collection
SG 553 Army Sheen,Consumer,The Bank Collection
M4A4 Howl,Contraband,The Huntsman Collection
AK-47 Vulcan,Covert,The Huntsman Collection
M4A1-S Atomic Alloy,Classified,The Huntsman Collection
USP-S Orion,Classified,The Huntsman Collection
SCAR-20 Cyrex,Classified,The Huntsman Collection
AUG Torque,Restricted,The Huntsman Collection
XM1014 Heaven Guard,Restricted,The Huntsman Collection
MAC-10 Curse,Restricted,The Huntsman Collection
PP-Bizon Antique,Restricted,The Huntsman Collection
Tec-9 Isaac,Mil-spec,The Huntsman Collection
CZ75-Auto Poison Dart,Mil-spec,The Huntsman Collection
Dual Berettas Retribution,Mil-spec,The Huntsman Collection
Galil AR Kami,Mil-spec,The Huntsman Collection
SSG 08 Slashed,Mil-spec,The Huntsman Collection
P90 Desert Warfare,Mil-spec,The Huntsman Collection
M4A4 Desert-Strike,Covert,The Huntsman Collection
MAC-10 Tatter,Restricted,The Huntsman Collection
CZ75-Auto Twist,Mil-spec,The Huntsman Collection
P2000 Pulse,Mil-spec,The Huntsman Collection
P90 Module,Mil-spec,The Huntsman Collection
AK-47 Jet Set,Classified,The Baggage Collection
Desert Eagle Pilot,Restricted,The Baggage Collection
AK-47 First Class,Restricted,The Baggage Collection
USP-S Business Class,Mil-spec,The Baggage Collection
Sawed-Off First Class,Mil-spec,The Baggage Collection
XM1014 Red Leather,Mil-spec,The Baggage Collection
P2000 Coach Class,Industrial,The Baggage Collection
SG 553 Traveler,Industrial,The Baggage Collection
MAC-10 Commuter,Industrial,The Baggage Collection
P90 Leather,Industrial,The Baggage Collection
CZ75-Auto Green Plaid,Consumer,The Baggage Collection
G3SG1 Contractor,Consumer,The Baggage Collection
SSG 08 Sand Dune,Consumer,The Baggage Collection
MP7 Olive Plaid,Consumer,The Baggage Collection
MP9 Green Plaid,Consumer,The Baggage Collection
M4A1-S Cyrex,Covert,The Breakout Collection
P90 Asiimov,Covert,The Breakout Collection
Five-SeveN Fowl Play,Classified,The Breakout Collection
Glock-18 Water Elemental,Classified,The Breakout Collection
Desert Eagle Conspiracy,Classified,The Breakout Collection
P250 Supernova,Restricted,The Breakout Collection
Nova Koi,Restricted,The Breakout Collection
CZ75-Auto Tigris,Restricted,The Breakout Collection
PP-Bizon Osiris,Restricted,The Breakout Collection
Negev Desert-Strike,Mil-spec,The Breakout Collection
UMP-45 Labyrinth,Mil-spec,The Breakout Collection
P2000 Ivory,Mil-spec,The Breakout Collection
SSG 08 Abyss,Mil-spec,The Breakout Collection
MP7 Urban Hazard,Mil-spec,The Breakout Collection
AWP Dragon Lore,Covert,The Cobblestone Collection
M4A1-S Knight,Classified,The Cobblestone Collection
Desert Eagle Hand Cannon,Restricted,The Cobblestone Collection
CZ75-Auto Chalice,Restricted,The Cobblestone Collection
MP9 Dark Age,Mil-spec,The Cobblestone Collection
P2000 Chainmail,Mil-spec,The Cobblestone Collection
USP-S Royal Blue,Industrial,The Cobblestone Collection
Nova Green Apple,Industrial,The Cobblestone Collection
MAG-7 Silver,Industrial,The Cobblestone Collection
Sawed-Off Rust Coat,Industrial,The Cobblestone Collection
P90 Storm,Consumer,The Cobblestone Collection
UMP-45 Indigo,Consumer,The Cobblestone Collection
MAC-10 Indigo,Consumer,The Cobblestone Collection
SCAR-20 Storm,Consumer,The Cobblestone Collection
Dual Berettas Briar,Consumer,The Cobblestone Collection
Glock-18 Candy Apple,Mil-spec,The Italy Collection
M4A1-S Master Piece,Classified,The Overpass Collection
USP-S Road Rash,Restricted,The Overpass Collection
AWP Pink DDPAT,Restricted,The Overpass Collection
XM1014 VariCamo Blue,Mil-spec,The Overpass Collection
CZ75-Auto Nitro,Mil-spec,The Overpass Collection
SSG 08 Detour,Mil-spec,The Overpass Collection
Glock-18 Night,Industrial,The Overpass Collection
Desert Eagle Urban DDPAT,Industrial,The Overpass Collection
P2000 Grassland,Industrial,The Overpass Collection
MP7 Gunsmoke,Industrial,The Overpass Collection
MAG-7 Storm,Consumer,The Overpass Collection
Sawed-Off Sage Spray,Consumer,The Overpass Collection
M249 Contrast Spray,Consumer,The Overpass Collection
UMP-45 Scorched,Consumer,The Overpass Collection
MP9 Storm,Consumer,The Overpass Collection
AK-47 Jaguar,Covert,The eSports 2014 Summer Collection
M4A4 Bullet Rain,Covert,The eSports 2014 Summer Collection
AWP Corticera,Classified,The eSports 2014 Summer Collection
Nova Bloomstick,Classified,The eSports 2014 Summer Collection
AUG Bengal Tiger,Classified,The eSports 2014 Summer Collection
P2000 Corticera,Classified,The eSports 2014 Summer Collection
Glock-18 Steel Disruption,Restricted,The eSports 2014 Summer Collection
Desert Eagle Crimson Web,Restricted,The eSports 2014 Summer Collection
MP7 Ocean Foam,Restricted,The eSports 2014 Summer Collection
PP-Bizon Blue Streak,Restricted,The eSports 2014 Summer Collection
P90 Virus,Restricted,The eSports 2014 Summer Collection
USP-S Blood Tiger,Mil-spec,The eSports 2014 Summer Collection
Negev Bratatat,Mil-spec,The eSports 2014 Summer Collection
XM1014 Red Python,Mil-spec,The eSports 2014 Summer Collection
CZ75-Auto Hexane,Mil-spec,The eSports 2014 Summer Collection
SSG 08 Dark Water,Mil-spec,The eSports 2014 Summer Collection
MAC-10 Ultraviolet,Mil-spec,The eSports 2014 Summer Collection
USP-S Caiman,Classified,The Huntsman Collection
FAMAS Styx,Restricted,The Cache Collection
Galil AR Cerberus,Restricted,The Cache Collection
XM1014 Bone Machine,Mil-spec,The Cache Collection
Tec-9 Toxic,Mil-spec,The Cache Collection
Glock-18 Reactor,Mil-spec,The Cache Collection
MAC-10 Nuclear Garden,Mil-spec,The Cache Collection
MP9 Setting Sun,Mil-spec,The Cache Collection
P250 Contamination,Industrial,The Cache Collection
Negev Nuclear Waste,Industrial,The Cache Collection
AUG Radiation Hazard,Industrial,The Cache Collection
Five-SeveN Hot Shot,Industrial,The Cache Collection
SG 553 Fallout Warning,Industrial,The Cache Collection
PP-Bizon Chemical Green,Industrial,The Cache Collection
P2000 Fire Elemental,Covert,The Vanguard Collection
AK-47 Wasteland Rebel,Covert,The Vanguard Collection
P250 Cartel,Classified,The Vanguard Collection
SCAR-20 Cardiac,Classified,The Vanguard Collection
XM1014 Tranquility,Classified,The Vanguard Collection
M4A1-S Basilisk,Restricted,The Vanguard Collection
Sawed-Off Highwayman,Restricted,The Vanguard Collection
Glock-18 Grinder,Restricted,The Vanguard Collection
M4A4 Griffin,Restricted,The Vanguard Collection
MAG-7 Firestarter,Mil-spec,The Vanguard Collection
UMP-45 Delusion,Mil-spec,The Vanguard Collection
Five-SeveN Urban Hazard,Mil-spec,The Vanguard Collection
G3SG1 Murky,Mil-spec,The Vanguard Collection
MP9 Dart,Mil-spec,The Vanguard Collection
AWP Man-o'-war,Covert,The Chroma Collection
Galil AR Chatterbox,Covert,The Chroma Collection
P250 Muertos,Classified,The Chroma Collection
AK-47 Cartel,Classified,The Chroma Collection
M4A4 ?? (Dragon King),Classified,The Chroma Collection
Sawed-Off Serenity,Restricted,The Chroma Collection
Desert Eagle Naga,Restricted,The Chroma Collection
Dual Berettas Urban Shock,Restricted,The Chroma Collection
MAC-10 Malachite,Restricted,The Chroma Collection
SCAR-20 Grotto,Mil-spec,The Chroma Collection
M249 System Lock,Mil-spec,The Chroma Collection
XM1014 Quicksilver,Mil-spec,The Chroma Collection
Glock-18 Catacombs,Mil-spec,The Chroma Collection
MP9 Deadly Poison,Mil-spec,The Chroma Collection
M4A1-S Hyper Beast,Covert,The Chroma 2 Collection
MAC-10 Neon Rider,Covert,The Chroma 2 Collection
Five-SeveN Monkey Business,Classified,The Chroma 2 Collection
FAMAS Djinn,Classified,The Chroma 2 Collection
Galil AR Eco,Classified,The Chroma 2 Collection
AWP Worm God,Restricted,The Chroma 2 Collection
MAG-7 Heat,Restricted,The Chroma 2 Collection
UMP-45 Grand Prix,Restricted,The Chroma 2 Collection
CZ75-Auto Pole Position,Restricted,The Chroma 2 Collection
P250 Valence,Mil-spec,The Chroma 2 Collection
Sawed-Off Origami,Mil-spec,The Chroma 2 Collection
Negev Man-o'-war,Mil-spec,The Chroma 2 Collection
Desert Eagle Bronze Deco,Mil-spec,The Chroma 2 Collection
AK-47 Elite Build,Mil-spec,The Chroma 2 Collection
MP7 Armor Core,Mil-spec,The Chroma 2 Collection
M4A1-S Hot Rod,Classified,The Chop Shop Collection
Glock-18 Twilight Galaxy,Classified,The Chop Shop Collection
Dual Berettas Duelist,Restricted,The Chop Shop Collection
SG 553 Bulldozer,Restricted,The Chop Shop Collection
P250 Whiteout,Mil-spec,The Chop Shop Collection
Five-SeveN Nitro,Mil-spec,The Chop Shop Collection
CZ75-Auto Emerald,Mil-spec,The Chop Shop Collection
MAC-10 Fade,Mil-spec,The Chop Shop Collection
MP7 Full Stop,Mil-spec,The Chop Shop Collection
USP-S Para Green,Industrial,The Chop Shop Collection
Desert Eagle Night,Industrial,The Chop Shop Collection
Galil AR Urban Rubble,Industrial,The Chop Shop Collection
SCAR-20 Army Sheen,Consumer,The Chop Shop Collection
MAG-7 Seabird,Consumer,The Chop Shop Collection
M249 Impact Drill,Consumer,The Chop Shop Collection
CZ75-Auto Army Sheen,Consumer,The Chop Shop Collection
AWP Hyper Beast,Covert,The Falchion Collection
AK-47 Aquamarine Revenge,Covert,The Falchion Collection
CZ75-Auto Yellow Jacket,Classified,The Falchion Collection
SG 553 Cyrex,Classified,The Falchion Collection
MP7 Nemesis,Classified,The Falchion Collection
Negev Loudmouth,Restricted,The Falchion Collection
P2000 Handgun,Restricted,The Falchion Collection
FAMAS Neural Net,Restricted,The Falchion Collection
M4A4 Evil Daimyo,Restricted,The Falchion Collection
MP9 Ruby Poison Dart,Restricted,The Falchion Collection
USP-S Torque,Mil-spec,The Falchion Collection
Nova Ranger,Mil-spec,The Falchion Collection
UMP-45 Riot,Mil-spec,The Falchion Collection
Glock-18 Bunsen Burner,Mil-spec,The Falchion Collection
Galil AR Rocket Pop,Mil-spec,The Falchion Collection
P90 Elite Build,Mil-spec,The Falchion Collection
AWP Medusa,Covert,The Gods and Monsters Collection
M4A4 Poseidon,Classified,The Gods and Monsters Collection
M4A1-S Icarus Fell,Restricted,The Gods and Monsters Collection
G3SG1 Chronos,Restricted,The Gods and Monsters Collection
UMP-45 Minotaurs Labyrinth,Mil-spec,The Gods and Monsters Collection
MP9 Pandoras Box,Mil-spec,The Gods and Monsters Collection
AWP Sun in Leo,Industrial,The Gods and Monsters Collection
M249 Shipping Forecast,Industrial,The Gods and Monsters Collection
Tec-9 Hades,Industrial,The Gods and Monsters Collection
P2000 Pathfinder,Industrial,The Gods and Monsters Collection
Nova Moon in Libra,Consumer,The Gods and Monsters Collection
AUG Daedalus,Consumer,The Gods and Monsters Collection
Dual Berettas Moon in Libra,Consumer,The Gods and Monsters Collection
MP7 Asterion,Consumer,The Gods and Monsters Collection
AUG Akihabara Accept,Covert,The Rising Sun Collection
AK-47 Hydroponic,Classified,The Rising Sun Collection
Five-SeveN Neon Kimono,Restricted,The Rising Sun Collection
Desert Eagle Sunset Storm ?,Restricted,The Rising Sun Collection
Desert Eagle Sunset Storm ?,Restricted,The Rising Sun Collection
M4A4 Daybreak,Restricted,The Rising Sun Collection
MAG-7 Counter Terrace,Mil-spec,The Rising Sun Collection
Tec-9 Terrace,Mil-spec,The Rising Sun Collection
Galil AR Aqua Terrace,Mil-spec,The Rising Sun Collection
P250 Crimson Kimono,Industrial,The Rising Sun Collection
Desert Eagle Midnight Storm,Industrial,The Rising Sun Collection
P250 Mint Kimono,Consumer,The Rising Sun Collection
Sawed-Off Bamboo Shadow,Consumer,The Rising Sun Collection
Tec-9 Bamboo Forest,Consumer,The Rising Sun Collection
G3SG1 Orange Kimono,Consumer,The Rising Sun Collection
PP-Bizon Bamboo Print,Consumer,The Rising Sun Collection
M4A1-S Golden Coil,Covert,The Shadow Collection
USP-S Kill Confirmed,Covert,The Shadow Collection
AK-47 Frontside Misty,Classified,The Shadow Collection
G3SG1 Flux,Classified,The Shadow Collection
SSG 08 Big Iron,Classified,The Shadow Collection
P250 Wingshot,Restricted,The Shadow Collection
M249 Nebula Crusader,Restricted,The Shadow Collection
Galil AR Stone Cold,Restricted,The Shadow Collection
MP7 Special Delivery,Restricted,The Shadow Collection
SCAR-20 Green Marine,Mil-spec,The Shadow Collection
MAG-7 Cobalt Core,Mil-spec,The Shadow Collection
XM1014 Scumbria,Mil-spec,The Shadow Collection
Glock-18 Wraiths,Mil-spec,The Shadow Collection
Dual Berettas Dualing Dragons,Mil-spec,The Shadow Collection
FAMAS Survivor Z,Mil-spec,The Shadow Collection
MAC-10 Rangeen,Mil-spec,The Shadow Collection
R8 Revolver Bone Mask,Consumer,The Bank Collection
R8 Revolver Amber Fade,Classified,The Dust 2 Collection
R8 Revolver Fade,Covert,The Revolver Case Collection
M4A4 Royal Paladin,Covert,The Revolver Case Collection
AK-47 Point Disarray,Classified,The Revolver Case Collection
G3SG1 The Executioner,Classified,The Revolver Case Collection
P90 Shapewood,Classified,The Revolver Case Collection
Negev Power Loader,Restricted,The Revolver Case Collection
XM1014 Teclu Burner,Restricted,The Revolver Case Collection
Five-SeveN Retrobution,Restricted,The Revolver Case Collection
Tec-9 Avalanche,Restricted,The Revolver Case Collection
SG 553 Tiger Moth,Restricted,The Revolver Case Collection
PP-Bizon Fuel Rod,Restricted,The Revolver Case Collection
R8 Revolver Crimson Web,Mil-spec,The Revolver Case Collection
SCAR-20 Outbreak,Mil-spec,The Revolver Case Collection
Sawed-Off Yorick,Mil-spec,The Revolver Case Collection
AUG Ricochet,Mil-spec,The Revolver Case Collection
Desert Eagle Corinthian,Mil-spec,The Revolver Case Collection
P2000 Imperial,Mil-spec,The Revolver Case Collection
AK-47 Fuel Injector,Covert,The Wildfire Collection
M4A4 The Battlestar,Covert,The Wildfire Collection
AWP Elite Build,Classified,The Wildfire Collection
Nova Hyper Beast,Classified,The Wildfire Collection
Desert Eagle Kumicho Dragon,Classified,The Wildfire Collection
MAG-7 Praetorian,Restricted,The Wildfire Collection
Five-SeveN Triumvirate,Restricted,The Wildfire Collection
Glock-18 Royal Legion,Restricted,The Wildfire Collection
FAMAS Valence,Restricted,The Wildfire Collection
MP7 Impire,Restricted,The Wildfire Collection
USP-S Lead Conduit,Mil-spec,The Wildfire Collection
Tec-9 Jambiya,Mil-spec,The Wildfire Collection
Dual Berettas Cartel,Mil-spec,The Wildfire Collection
SSG 08 Necropos,Mil-spec,The Wildfire Collection
MAC-10 Lapis Gator,Mil-spec,The Wildfire Collection
PP-Bizon Photic Zone,Mil-spec,The Wildfire Collection
M4A1-S Chantico's Fire,Covert,The Chroma 3 Collection
PP-Bizon Judgement of Anubis,Covert,The Chroma 3 Collection
P250 Asiimov,Classified,The Chroma 3 Collection
UMP-45 Primal Saber,Classified,The Chroma 3 Collection
AUG Fleet Flock,Classified,The Chroma 3 Collection
XM1014 Black Tie,Restricted,The Chroma 3 Collection
Tec-9 Re-Entry,Restricted,The Chroma 3 Collection
CZ75-Auto Red Astor,Restricted,The Chroma 3 Collection
Galil AR Firefight,Restricted,The Chroma 3 Collection
SSG 08 Ghost Crusader,Restricted,The Chroma 3 Collection
Sawed-Off Fubar,Mil-spec,The Chroma 3 Collection
M249 Spectre,Mil-spec,The Chroma 3 Collection
Dual Berettas Ventilators,Mil-spec,The Chroma 3 Collection
P2000 Oceanic,Mil-spec,The Chroma 3 Collection
G3SG1 Orange Crash,Mil-spec,The Chroma 3 Collection
SG 553 Atlas,Mil-spec,The Chroma 3 Collection
MP9 Bioleak,Mil-spec,The Chroma 3 Collection
M4A1-S Mecha Industries,Covert,The Gamma Collection
Glock-18 Wasteland Rebel,Covert,The Gamma Collection
SCAR-20 Bloodsport,Classified,The Gamma Collection
M4A4 Desolate Space,Classified,The Gamma Collection
P2000 Imperial Dragon,Classified,The Gamma Collection
R8 Revolver Reboot,Restricted,The Gamma Collection
AWP Phobos,Restricted,The Gamma Collection
Sawed-Off Limelight,Restricted,The Gamma Collection
AUG Aristocrat,Restricted,The Gamma Collection
P90 Chopper,Restricted,The Gamma Collection
P250 Iron Clad,Mil-spec,The Gamma Collection
Nova Exo,Mil-spec,The Gamma Collection
Five-SeveN Violent Daimyo,Mil-spec,The Gamma Collection
MAC-10 Carnivore,Mil-spec,The Gamma Collection
PP-Bizon Harvester,Mil-spec,The Gamma Collection
Tec-9 Ice Cap,Mil-spec,The Gamma Collection
SG 553 Aerial,Mil-spec,The Gamma Collection
AK-47 Neon Revolution,Covert,The Gamma 2 Collection
FAMAS Roll Cage,Covert,The Gamma 2 Collection
Tec-9 Fuel Injector,Classified,The Gamma 2 Collection
MP9 Airlock,Classified,The Gamma 2 Collection
AUG Syd Mead,Classified,The Gamma 2 Collection
SG 553 Triarch,Restricted,The Gamma 2 Collection
SCAR-20 Powercore,Restricted,The Gamma 2 Collection
MAG-7 Petroglyph,Restricted,The Gamma 2 Collection
Glock-18 Weasel,Restricted,The Gamma 2 Collection
Desert Eagle Directive,Restricted,The Gamma 2 Collection
XM1014 Slipstream,Mil-spec,The Gamma 2 Collection
UMP-45 Briefing,Mil-spec,The Gamma 2 Collection
P90 Grim,Mil-spec,The Gamma 2 Collection
Negev Dazzle,Mil-spec,The Gamma 2 Collection
G3SG1 Ventilator,Mil-spec,The Gamma 2 Collection
Five-SeveN Scumbria,Mil-spec,The Gamma 2 Collection
CZ75-Auto Imprint,Mil-spec,The Gamma 2 Collection
SSG 08 Dragonfire,Covert,The Glove Collection
M4A4 Buzz Kill,Covert,The Glove Collection
FAMAS Mecha Industries,Classified,The Glove Collection
P90 Shallow Grave,Classified,The Glove Collection
Sawed-Off Wasteland Princess,Classified,The Glove Collection
Dual Berettas Royal Consorts,Restricted,The Glove Collection
G3SG1 Stinger,Restricted,The Glove Collection
M4A1-S Flashback,Restricted,The Glove Collection
Nova Gila,Restricted,The Glove Collection
USP-S Cyrex,Restricted,The Glove Collection
CZ75-Auto Polymer,Mil-spec,The Glove Collection
Glock-18 Ironwork,Mil-spec,The Glove Collection
MP7 Cirrus,Mil-spec,The Glove Collection
Galil AR Black Sand,Mil-spec,The Glove Collection
MP9 Sand Scale,Mil-spec,The Glove Collection
MAG-7 Sonar,Mil-spec,The Glove Collection
P2000 Turf,Mil-spec,The Glove Collection
USP-S Neo-Noir,Covert,The Spectrum Collection
AK-47 Bloodsport,Covert,The Spectrum Collection
M4A1-S Decimator,Classified,The Spectrum Collection
CZ75-Auto Xiangliu,Classified,The Spectrum Collection
AWP Fever Dream,Classified,The Spectrum Collection
M249 Emerald Poison Dart,Restricted,The Spectrum Collection
Galil AR Crimson Tsunami,Restricted,The Spectrum Collection
XM1014 Seasons,Restricted,The Spectrum Collection
UMP-45 Scaffold,Restricted,The Spectrum Collection
MAC-10 Last Dive,Restricted,The Spectrum Collection
Desert Eagle Oxide Blaze,Mil-spec,The Spectrum Collection
Five-SeveN Capillary,Mil-spec,The Spectrum Collection
P250 Ripple,Mil-spec,The Spectrum Collection
PP-Bizon Jungle Slipstream,Mil-spec,The Spectrum Collection
SCAR-20 Blueprint,Mil-spec,The Spectrum Collection
Sawed-Off Zander,Mil-spec,The Spectrum Collection
MP7 Akoben,Mil-spec,The Spectrum Collection
Five-SeveN Hyper Beast,Covert,The Operation Hydra Collection
AWP Oni Taiji,Covert,The Operation Hydra Collection
M4A4 Hellfire,Classified,The Operation Hydra Collection
Galil AR Sugar Rush,Classified,The Operation Hydra Collection
Dual Berettas Cobra Strike,Classified,The Operation Hydra Collection
AK-47 Orbit Mk01,Restricted,The Operation Hydra Collection
SSG 08 Death's Head,Restricted,The Operation Hydra Collection
P90 Death Grip,Restricted,The Operation Hydra Collection
P250 Red Rock,Restricted,The Operation Hydra Collection
P2000 Woodsman,Restricted,The Operation Hydra Collection
USP-S Blueprint,Mil-spec,The Operation Hydra Collection
FAMAS Macabre,Mil-spec,The Operation Hydra Collection
M4A1-S Briefing,Mil-spec,The Operation Hydra Collection
MAC-10 Aloha,Mil-spec,The Operation Hydra Collection
MAG-7 Hard Water,Mil-spec,The Operation Hydra Collection
Tec-9 Cut Out,Mil-spec,The Operation Hydra Collection
UMP-45 Metal Flowers,Mil-spec,The Operation Hydra Collection
AK-47 The Empress,Covert,The Spectrum 2 Collection
P250 See Ya Later,Covert,The Spectrum 2 Collection
M4A1-S Leaded Glass,Classified,The Spectrum 2 Collection
PP-Bizon High Roller,Classified,The Spectrum 2 Collection
R8 Revolver Llama Cannon,Classified,The Spectrum 2 Collection
MP9 Goo,Restricted,The Spectrum 2 Collection
SG 553 Phantom,Restricted,The Spectrum 2 Collection
CZ75-Auto Tacticat,Restricted,The Spectrum 2 Collection
UMP-45 Exposure,Restricted,The Spectrum 2 Collection
XM1014 Ziggy,Restricted,The Spectrum 2 Collection
Sawed-Off Morris,Mil-spec,The Spectrum 2 Collection
AUG Triqua,Mil-spec,The Spectrum 2 Collection
G3SG1 Hunter,Mil-spec,The Spectrum 2 Collection
Glock-18 Off World,Mil-spec,The Spectrum 2 Collection
MAC-10 Oceanic,Mil-spec,The Spectrum 2 Collection
Tec-9 Cracked Opal,Mil-spec,The Spectrum 2 Collection
SCAR-20 Jungle Slipstream,Mil-spec,The Spectrum 2 Collection
M4A4 Neo-Noir,Covert,The Clutch Collection
MP7 Bloodsport,Covert,The Clutch Collection
AWP Mortis,Classified,The Clutch Collection
AUG Stymphalian,Classified,The Clutch Collection
USP-S Cortex,Classified,The Clutch Collection
Glock-18 Moonrise,Restricted,The Clutch Collection
MAG-7 SWAG-7,Restricted,The Clutch Collection
Negev Lionfish,Restricted,The Clutch Collection
Nova Wild Six,Restricted,The Clutch Collection
UMP-45 Arctic Wolf,Restricted,The Clutch Collection
Five-SeveN Flame Test,Mil-spec,The Clutch Collection
MP9 Black Sand,Mil-spec,The Clutch Collection
P2000 Urban Hazard,Mil-spec,The Clutch Collection
PP-Bizon Night Riot,Mil-spec,The Clutch Collection
R8 Revolver Grip,Mil-spec,The Clutch Collection
SG 553 Aloha,Mil-spec,The Clutch Collection
XM1014 Oxide Blaze,Mil-spec,The Clutch Collection
Desert Eagle Code Red,Covert,The Horizon Collection
AK-47 Neon Rider,Covert,The Horizon Collection
M4A1-S Nightmare,Classified,The Horizon Collection
FAMAS Eye of Athena,Classified,The Horizon Collection
Sawed-Off Devourer,Classified,The Horizon Collection
CZ75-Auto Eco,Restricted,The Horizon Collection
G3SG1 High Seas,Restricted,The Horizon Collection
Nova Toy Soldier,Restricted,The Horizon Collection
AWP PAW,Restricted,The Horizon Collection
MP7 Powercore,Restricted,The Horizon Collection
AUG Amber Slipstream,Mil-spec,The Horizon Collection
Dual Berettas Shred,Mil-spec,The Horizon Collection
Glock-18 Warhawk,Mil-spec,The Horizon Collection
MP9 Capillary,Mil-spec,The Horizon Collection
P90 Traction,Mil-spec,The Horizon Collection
R8 Revolver Survivalist,Mil-spec,The Horizon Collection
Tec-9 Snek-9,Mil-spec,The Horizon Collection
SG 553 Integrale,Classified,The 2018 Inferno Collection
Dual Berettas Twin Turbo,Classified,The 2018 Inferno Collection
AK-47 Safety Net,Restricted,The 2018 Inferno Collection
P250 Vino Primo,Restricted,The 2018 Inferno Collection
MP7 Fade,Restricted,The 2018 Inferno Collection
USP-S Check Engine,Mil-spec,The 2018 Inferno Collection
M4A4 Converter,Mil-spec,The 2018 Inferno Collection
SSG 08 Hand Brake,Mil-spec,The 2018 Inferno Collection
Sawed-Off Brake Light,Mil-spec,The 2018 Inferno Collection
Glock-18 High Beam,Industrial,The 2018 Inferno Collection
R8 Revolver Nitro,Industrial,The 2018 Inferno Collection
MAC-10 Calf Skin,Industrial,The 2018 Inferno Collection
PP-Bizon Candy Apple,Industrial,The 2018 Inferno Collection
MP5-SD Dirt Drop,Consumer,The 2018 Inferno Collection
MP9 Slide,Consumer,The 2018 Inferno Collection
AUG Sweeper,Consumer,The 2018 Inferno Collection
UMP-45 Mudder,Consumer,The 2018 Inferno Collection
MAG-7 Rust Coat,Consumer,The 2018 Inferno Collection
M4A1-S Control Panel,Classified,The 2018 Nuke Collection
Tec-9 Remote Control,Classified,The 2018 Nuke Collection
Glock-18 Nuclear Garden,Restricted,The 2018 Nuke Collection
MAG-7 Core Breach,Restricted,The 2018 Nuke Collection
AUG Random Access,Restricted,The 2018 Nuke Collection
AWP Acheron,Mil-spec,The 2018 Nuke Collection
P250 Exchanger,Mil-spec,The 2018 Nuke Collection
MP5-SD Co-Processor,Mil-spec,The 2018 Nuke Collection
P90 Facility Negative,Mil-spec,The 2018 Nuke Collection
Galil AR Cold Fusion,Industrial,The 2018 Nuke Collection
Negev Bulkhead,Industrial,The 2018 Nuke Collection
MP7 Motherboard,Industrial,The 2018 Nuke Collection
M4A4 Mainframe,Industrial,The 2018 Nuke Collection
Nova Mandrel,Consumer,The 2018 Nuke Collection
Five-SeveN Coolant,Consumer,The 2018 Nuke Collection
UMP-45 Facility Dark,Consumer,The 2018 Nuke Collection
P250 Facility Draft,Consumer,The 2018 Nuke Collection
PP-Bizon Facility Sketch,Consumer,The 2018 Nuke Collection
MP5-SD Lab Rats,Restricted,The Blacksite Collection
AWP Neo-Noir,Covert,The Danger Zone Collection
AK-47 Asiimov,Covert,The Danger Zone Collection
MP5-SD Phosphor,Classified,The Danger Zone Collection
Desert Eagle Mecha Industries,Classified,The Danger Zone Collection
UMP-45 Momentum,Classified,The Danger Zone Collection
USP-S Flashback,Restricted,The Danger Zone Collection
P250 Nevermore,Restricted,The Danger Zone Collection
MAC-10 Pipe Down,Restricted,The Danger Zone Collection
Galil AR Signal,Restricted,The Danger Zone Collection
G3SG1 Scavenger,Restricted,The Danger Zone Collection
Tec-9 Fubar,Mil-spec,The Danger Zone Collection
SG 553 Danger Close,Mil-spec,The Danger Zone Collection
Sawed-Off Black Sand,Mil-spec,The Danger Zone Collection
M4A4 Magnesium,Mil-spec,The Danger Zone Collection
Nova Wood Fired,Mil-spec,The Danger Zone Collection
Glock-18 Oxide Blaze,Mil-spec,The Danger Zone Collection
MP9 Modest Threat,Mil-spec,The Danger Zone Collection
M4A4 The Emperor,Covert,The Prisma Collection
Five-SeveN Angry Mob,Covert,The Prisma Collection
XM1014 Incinegator,Classified,The Prisma Collection
AUG Momentum,Classified,The Prisma Collection
R8 Revolver Skull Crusher,Classified,The Prisma Collection
UMP-45 Moonrise,Restricted,The Prisma Collection
MP5-SD Gauss,Restricted,The Prisma Collection
Desert Eagle Light Rail,Restricted,The Prisma Collection
Tec-9 Bamboozle,Restricted,The Prisma Collection
AWP Atheris,Restricted,The Prisma Collection
P90 Off World,Mil-spec,The Prisma Collection
P250 Verdigris,Mil-spec,The Prisma Collection
MP7 Mischief,Mil-spec,The Prisma Collection
Galil AR Akoben,Mil-spec,The Prisma Collection
MAC-10 Whitefish,Mil-spec,The Prisma Collection
AK-47 Uncharted,Mil-spec,The Prisma Collection
FAMAS Crypsis,Mil-spec,The Prisma Collection
P250 X-Ray,Restricted,The X-Ray Collection
AWP Wildfire,Covert,The CS20 Collection
FAMAS Commemoration,Covert,The CS20 Collection
AUG Death by Puppy,Classified,The CS20 Collection
P90 Nostalgia,Classified,The CS20 Collection
MP9 Hydra,Classified,The CS20 Collection
UMP-45 Plastique,Restricted,The CS20 Collection
P250 Inferno,Restricted,The CS20 Collection
Five-SeveN Buddy,Restricted,The CS20 Collection
MP5-SD Agent,Restricted,The CS20 Collection
M249 Aztec,Restricted,The CS20 Collection
Glock-18 Sacrifice,Mil-spec,The CS20 Collection
FAMAS Decommissioned,Mil-spec,The CS20 Collection
SCAR-20 Assault,Mil-spec,The CS20 Collection
MAG-7 Popdog,Mil-spec,The CS20 Collection
MAC-10 Classic Crate,Mil-spec,The CS20 Collection
Tec-9 Flash Out,Mil-spec,The CS20 Collection
Dual Berettas Elite 1.6,Mil-spec,The CS20 Collection
AWP The Prince,Covert,The Canals Collection
MAG-7 Cinquedea,Classified,The Canals Collection
MP9 Stained Glass,Restricted,The Canals Collection
MAC-10 Red Filigree,Restricted,The Canals Collection
Nova Baroque Orange,Restricted,The Canals Collection
Dual Berettas Emerald,Mil-spec,The Canals Collection
G3SG1 Violet Murano,Mil-spec,The Canals Collection
SSG 08 Orange Filigree,Mil-spec,The Canals Collection
P90 Baroque Red,Mil-spec,The Canals Collection
AK-47 Baroque Purple,Industrial,The Canals Collection
SG 553 Candy Apple,Industrial,The Canals Collection
Tec-9 Orange Murano,Industrial,The Canals Collection
P250 Dark Filigree,Industrial,The Canals Collection
CZ75-Auto Indigo,Consumer,The Canals Collection
R8 Revolver Canal Spray,Consumer,The Canals Collection
AUG Navy Murano,Consumer,The Canals Collection
Negev Boroque Sand,Consumer,The Canals Collection
SCAR-20 Stone Mosaico,Consumer,The Canals Collection
AWP Gungnir,Covert,The Norse Collection
Negev Mjölnir,Classified,The Norse Collection
AUG Flame Jörmungandr,Restricted,The Norse Collection
Desert Eagle Emerald Jörmungandr,Restricted,The Norse Collection
P90 Astral Jörmungandr,Restricted,The Norse Collection
CZ75-Auto Emerald Quartz,Mil-spec,The Norse Collection
MAC-10 Copper Borre,Mil-spec,The Norse Collection
SCAR-20 Brass,Mil-spec,The Norse Collection
XM1014 Frost Borre,Mil-spec,The Norse Collection
MAG-7 Chainmail,Industrial,The Norse Collection
M4A1-S Moss Quartz,Industrial,The Norse Collection
USP-S Pathfinder,Industrial,The Norse Collection
Dual Berettas Pyre,Industrial,The Norse Collection
MP7 Scorched,Consumer,The Norse Collection
FAMAS Night Borre,Consumer,The Norse Collection
SSG 08 Red Stone,Consumer,The Norse Collection
Galil AR Tornado,Consumer,The Norse Collection
SG 553 Barricade,Consumer,The Norse Collection
AWP Containment Breach,Covert,The Shattered Web Collection
MAC-10 Stalker,Covert,The Shattered Web Collection
SG-553 Colony IV,Classified,The Shattered Web Collection
SSG 08 Bloodshot,Classified,The Shattered Web Collection
Tec-9 Decimator,Classified,The Shattered Web Collection
AK-47 Rat Rod,Restricted,The Shattered Web Collection
AUG Arctic Wolf,Restricted,The Shattered Web Collection
MP7 Neon Ply,Restricted,The Shattered Web Collection
PP-Bizon Embargo,Restricted,The Shattered Web Collection
P2000 Obsidian,Restricted,The Shattered Web Collection
Dual Berettas Balance,Mil-spec,The Shattered Web Collection
G3SG1 Black Sand,Mil-spec,The Shattered Web Collection
M249 Warbird,Mil-spec,The Shattered Web Collection
MP5-SD Acid Wash,Mil-spec,The Shattered Web Collection
Nova Plume,Mil-spec,The Shattered Web Collection
R8 Revolver Memento,Mil-spec,The Shattered Web Collection
SCAR-20 Torn,Mil-spec,The Shattered Web Collection
AK-47 Wild Lotus,Covert,The St. Marc Collection
MP9 Wild Lily,Classified,The St. Marc Collection
AUG Midnight Lily,Restricted,The St. Marc Collection
Glock-18 Synth Leaf,Restricted,The St. Marc Collection
SSG 08 Sea Calico,Restricted,The St. Marc Collection
FAMAS Sundown,Mil-spec,The St. Marc Collection
Five-SeveN Crimson Blossom,Mil-spec,The St. Marc Collection
MP7 Teal Blossom,Mil-spec,The St. Marc Collection
UMP-45 Day Lily,Mil-spec,The St. Marc Collection
M4A4 Dark Blossom,Industrial,The St. Marc Collection
P90 Sunset Lily,Industrial,The St. Marc Collection
Tec-9 Rust Leaf,Industrial,The St. Marc Collection
XM1014 Banana Leaf,Industrial,The St. Marc Collection
M249 Jungle,Consumer,The St. Marc Collection
MAC-10 Surfwood,Consumer,The St. Marc Collection
MP5-SD Bamboo Garden,Consumer,The St. Marc Collection
PP-Bizon Seabird,Consumer,The St. Marc Collection
Sawed-Off Jungle Thicket,Consumer,The St. Marc Collection
Glock-18 Bullet Queen,Covert,The Prisma 2 Collection
M4A1-S Player Two,Covert,The Prisma 2 Collection
MAG-7 Justice,Classified,The Prisma 2 Collection
MAC-10 Disco Tech,Classified,The Prisma 2 Collection
AK-47 Phantom Disruptor,Classified,The Prisma 2 Collection
SSG 08 Fever Dream,Restricted,The Prisma 2 Collection
SG 553 Darkwing,Restricted,The Prisma 2 Collection
SCAR-20 Enforcer,Restricted,The Prisma 2 Collection
Sawed-Off Apocalypto,Restricted,The Prisma 2 Collection
P2000 Acid Etched,Restricted,The Prisma 2 Collection
R8 Revolver Bone Forged,Mil-spec,The Prisma 2 Collection
Negev Prototype,Mil-spec,The Prisma 2 Collection
MP5-SD Desert Strike,Mil-spec,The Prisma 2 Collection
Desert Eagle Blue Ply,Mil-spec,The Prisma 2 Collection
CZ75-Auto Distressed,Mil-spec,The Prisma 2 Collection
AWP Capillary,Mil-spec,The Prisma 2 Collection
AUG Tom Cat,Mil-spec,The Prisma 2 Collection
AK-47 Legion of Anubis,Covert,The Fracture Collection
Desert Eagle Printstream,Covert,The Fracture Collection
XM1014 Entombed,Classified,The Fracture Collection
Glock-18 Vogue,Classified,The Fracture Collection
M4A4 Tooth Fairy,Classified,The Fracture Collection
MP5-SD Kitbash,Restricted,The Fracture Collection
Galil AR Connexion,Restricted,The Fracture Collection
MAC-10 Allure,Restricted,The Fracture Collection
Tec-9 Brother,Restricted,The Fracture Collection
MAG-7 Monster Call,Restricted,The Fracture Collection
PP-Bizon Runic,Mil-spec,The Fracture Collection
P90 Freight,Mil-spec,The Fracture Collection
P250 Cassette,Mil-spec,The Fracture Collection
SSG 08 Mainframe 001,Mil-spec,The Fracture Collection
SG 553 Ol' Rusty,Mil-spec,The Fracture Collection
P2000 Gnarled,Mil-spec,The Fracture Collection
Negev Ultralight,Mil-spec,The Fracture Collection
M4A1-S Welcome to the Jungle,Covert,The Ancient Collection
AK-47 Panthera onca,Classified,The Ancient Collection
P90 Run and Hide,Classified,The Ancient Collection
USP-S Ancient Visions,Restricted,The Ancient Collection
MAC-10 Gold Brick,Restricted,The Ancient Collection
XM1014 Ancient Lore,Restricted,The Ancient Collection
FAMAS Dark Water,Mil-spec,The Ancient Collection
Galil AR Dusk Ruins,Mil-spec,The Ancient Collection
AUG Carved Jade,Mil-spec,The Ancient Collection
Tec-9 Blast From the Past,Mil-spec,The Ancient Collection
CZ75-Auto Silver,Industrial,The Ancient Collection
G3SG1 Ancient Ritual,Industrial,The Ancient Collection
MP7 Tall Grass,Industrial,The Ancient Collection
P2000 Panther Camo,Industrial,The Ancient Collection
R8 Revolver Night,Consumer,The Ancient Collection
SSG 08 Jungle Dashed,Consumer,The Ancient Collection
Nova Army Sheen,Consumer,The Ancient Collection
SG 553 Lush Ruins,Consumer,The Ancient Collection
P90 Ancient Earth,Consumer,The Ancient Collection
AWP Fade,Covert,The Control Collection
M4A1-S Blue Phosphor,Classified,The Control Collection
USP-S Target Acquired,Classified,The Control Collection
UMP-45 Crime Scene,Restricted,The Control Collection
Five-SeveN Berries And Cherries,Restricted,The Control Collection
FAMAS Prime Conspiracy,Restricted,The Control Collection
SCAR-20 Magna Carta,Mil-spec,The Control Collection
P2000 Dispatch,Mil-spec,The Control Collection
SSG 08 Threat Detected,Mil-spec,The Control Collection
M4A4 Global Offensive,Mil-spec,The Control Collection
MAG-7 Carbon Fiber,Industrial,The Control Collection
MP5-SD Nitro,Industrial,The Control Collection
Dual Berettas Switch Board,Industrial,The Control Collection
Desert Eagle The Bronze,Industrial,The Control Collection
CZ75-Auto Jungle Dashed,Consumer,The Control Collection
P250 Forest Night,Consumer,The Control Collection
MP9 Army Sheen,Consumer,The Control Collection
AUG Surveillance,Consumer,The Control Collection
XM1014 Charter,Consumer,The Control Collection
AK-47 X-Ray,Covert,The Havoc Collection
MAC-10 Hot Snakes,Classified,The Havoc Collection
AWP Silk Tiger,Classified,The Havoc Collection
SG 553 Hypnotic,Restricted,The Havoc Collection
Galil AR Phoenix Blacklight,Restricted,The Havoc Collection
Glock-18 Franklin,Restricted,The Havoc Collection
P250 Bengal Tiger,Mil-spec,The Havoc Collection
P90 Tiger Pit,Mil-spec,The Havoc Collection
Negev Phoenix Stencil,Mil-spec,The Havoc Collection
Desert Eagle Night Heist,Mil-spec,The Havoc Collection
Nova Rust Coat,Industrial,The Havoc Collection
R8 Revolver Phoenix Marker,Industrial,The Havoc Collection
UMP-45 Houndstooth,Industrial,The Havoc Collection
MP7 Vault Heist,Industrial,The Havoc Collection
M249 Predator,Consumer,The Havoc Collection
PP-Bizon Death Rattle,Consumer,The Havoc Collection
Sawed-Off Clay Ambush,Consumer,The Havoc Collection
Tec-9 Phoenix Chalk,Consumer,The Havoc Collection
Dual Berettas Heist,Consumer,The Havoc Collection
M4A1-S Printstream,Covert,The Operation Broken Fang Collection
Glock-18 Neo-Noir,Covert,The Operation Broken Fang Collection
M4A4 Cyber Security,Classified,The Operation Broken Fang Collection
USP-S Monster Mashup,Classified,The Operation Broken Fang Collection
Five-SeveN Fairy Tale,Classified,The Operation Broken Fang Collection
UMP-45 Gold Bismuth,Restricted,The Operation Broken Fang Collection
SSG 08 Parallax,Restricted,The Operation Broken Fang Collection
Dual Berettas Dezastre,Restricted,The Operation Broken Fang Collection
AWP Exoskeleton,Restricted,The Operation Broken Fang Collection
Nova Clear Polymer,Restricted,The Operation Broken Fang Collection
MP5-SD Condition Zero,Mil-spec,The Operation Broken Fang Collection
M249 Deep Relief,Mil-spec,The Operation Broken Fang Collection
P250 Contaminant,Mil-spec,The Operation Broken Fang Collection
Galil AR Vandal,Mil-spec,The Operation Broken Fang Collection
G3SG1 Digital Mesh,Mil-spec,The Operation Broken Fang Collection
P90 Cocoa Rampage,Mil-spec,The Operation Broken Fang Collection
CZ75-Auto Vendetta,Mil-spec,The Operation Broken Fang Collection
M4A4 In Living Color,Covert,The Snakebite Collection
USP-S The Traitor,Covert,The Snakebite Collection
Galil AR Chromatic Aberration,Classified,The Snakebite Collection
XM1014 XOXO,Classified,The Snakebite Collection
MP9 Food Chain,Classified,The Snakebite Collection
AK-47 Slate,Restricted,The Snakebite Collection
Desert Eagle Trigger Discipline,Restricted,The Snakebite Collection
MAC-10 Button Masher,Restricted,The Snakebite Collection
Negev dev_texture,Restricted,The Snakebite Collection
P250 Cyber Shell,Restricted,The Snakebite Collection
Nova Windblown,Mil-spec,The Snakebite Collection
R8 Revolver Junk Yard,Mil-spec,The Snakebite Collection
UMP-45 Oscillator,Mil-spec,The Snakebite Collection
CZ75-Auto Circaetus,Mil-spec,The Snakebite Collection
M249 O.S.I.P.R.,Mil-spec,The Snakebite Collection
Glock-18 Clear Polymer,Mil-spec,The Snakebite Collection
SG 553 Heavy Metal,Mil-spec,The Snakebite Collection
AK-47 Gold Arabesque,Covert,The 2021 Dust 2 Collection
UMP-45 Fade,Classified,The 2021 Dust 2 Collection
SSG 08 Death Strike,Classified,The 2021 Dust 2 Collection
MAC-10 Case Hardened,Restricted,The 2021 Dust 2 Collection
USP-S Orange Anolis,Restricted,The 2021 Dust 2 Collection
M4A4 Red DDPAT,Restricted,The 2021 Dust 2 Collection
Galil AR Amber Fade,Mil-spec,The 2021 Dust 2 Collection
G3SG1 New Roots,Mil-spec,The 2021 Dust 2 Collection
P250 Black & Tan,Mil-spec,The 2021 Dust 2 Collection
Nova Quick Sand,Mil-spec,The 2021 Dust 2 Collection
M249 Midnight Palm,Industrial,The 2021 Dust 2 Collection
MP9 Old Roots,Industrial,The 2021 Dust 2 Collection
AUG Spalted Wood,Industrial,The 2021 Dust 2 Collection
Five-SeveN Withered Vine,Industrial,The 2021 Dust 2 Collection
SG 553 Bleached,Consumer,The 2021 Dust 2 Collection
MP7 Prey,Consumer,The 2021 Dust 2 Collection
P90 Desert DDPAT,Consumer,The 2021 Dust 2 Collection
Sawed-Off Parched,Consumer,The 2021 Dust 2 Collection
R8 Revolver Desert Brush,Consumer,The 2021 Dust 2 Collection
AWP Desert Hydra,Covert,The 2021 Mirage Collection
Desert Eagle Fennec Fox,Classified,The 2021 Mirage Collection
MP5-SD Oxide Oasis,Classified,The 2021 Mirage Collection
Glock-18 Pink DDPAT,Restricted,The 2021 Mirage Collection
XM1014 Elegant Vines,Restricted,The 2021 Mirage Collection
AUG Sand Storm,Restricted,The 2021 Mirage Collection
USP-S Purple DDPAT,Mil-spec,The 2021 Mirage Collection
M249 Humidor,Mil-spec,The 2021 Mirage Collection
SG 553 Desert Blossom,Mil-spec,The 2021 Mirage Collection
MP9 Music Box,Mil-spec,The 2021 Mirage Collection
FAMAS CaliCamo,Industrial,The 2021 Mirage Collection
Dual Berettas Drift Wood,Industrial,The 2021 Mirage Collection
P90 Verdant Growth,Industrial,The 2021 Mirage Collection
CZ75-Auto Midnight Palm,Industrial,The 2021 Mirage Collection
P250 Drought,Consumer,The 2021 Mirage Collection
MAG-7 Navy Sheen,Consumer,The 2021 Mirage Collection
PP-Bizon Anolis,Consumer,The 2021 Mirage Collection
SSG 08 Prey,Consumer,The 2021 Mirage Collection
MAC-10 Sienna Damask,Consumer,The 2021 Mirage Collection
M4A4 The Coalition,Covert,The 2021 Train Collection
Glock-18 Gamma Doppler,Covert,The 2021 Train Collection
USP-S Whiteout,Classified,The 2021 Train Collection
FAMAS Meltdown,Classified,The 2021 Train Collection
MAC-10 Propaganda,Classified,The 2021 Train Collection
AWP POP AWP,Restricted,The 2021 Train Collection
Nova Red Quartz,Restricted,The 2021 Train Collection
CZ75-Auto Syndicate,Restricted,The 2021 Train Collection
MP5-SD Autumn Twilly,Restricted,The 2021 Train Collection
P2000 Space Race,Restricted,The 2021 Train Collection
R8 Revolver Blaze,Mil-spec,The 2021 Train Collection
Desert Eagle Sputnik,Mil-spec,The 2021 Train Collection
M4A1-S Fizzy POP,Mil-spec,The 2021 Train Collection
AUG Amber Fade,Mil-spec,The 2021 Train Collection
Tec-9 Safety Net,Mil-spec,The 2021 Train Collection
SSG 08 Spring Twilly,Mil-spec,The 2021 Train Collection
UMP-45 Full Stop,Mil-spec,The 2021 Train Collection
M4A1-S Imminent Danger,Covert,The 2021 Vertigo Collection
Five-SeveN Fall Hazard,Classified,The 2021 Vertigo Collection
SG 553 Hazard Pay,Classified,The 2021 Vertigo Collection
Galil AR CAUTION!,Restricted,The 2021 Vertigo Collection
MAG-7 Prism Terrace,Restricted,The 2021 Vertigo Collection
P250 Digital Architect,Restricted,The 2021 Vertigo Collection
Negev Infrastructure,Mil-spec,The 2021 Vertigo Collection
AK-47 Green Laminate,Mil-spec,The 2021 Vertigo Collection
Nova Interlock,Mil-spec,The 2021 Vertigo Collection
P90 Schematic,Mil-spec,The 2021 Vertigo Collection
UMP-45 Mechanism,Industrial,The 2021 Vertigo Collection
Glock-18 Red Tire,Industrial,The 2021 Vertigo Collection
SSG 08 Carbon Fiber,Industrial,The 2021 Vertigo Collection
PP-Bizon Breaker Box,Industrial,The 2021 Vertigo Collection
FAMAS Faulty Wiring,Consumer,The 2021 Vertigo Collection
CZ75-Auto Framework,Consumer,The 2021 Vertigo Collection
Dual Berettas Oil Change,Consumer,The 2021 Vertigo Collection
MAC-10 Strats,Consumer,The 2021 Vertigo Collection
XM1014 Blue Tire,Consumer,The 2021 Vertigo Collection
Desert Eagle Ocean Drive,Covert,The Operation Riptide Collection
AK-47 Leet Museo,Covert,The Operation Riptide Collection
SSG 08 Turbo Peek,Classified,The Operation Riptide Collection
Glock-18 Snack Attack,Classified,The Operation Riptide Collection
MAC-10 Toybox,Classified,The Operation Riptide Collection
M4A4 Spider Lily,Restricted,The Operation Riptide Collection
MP9 Mount Fuji,Restricted,The Operation Riptide Collection
Five-SeveN Boost Protocol,Restricted,The Operation Riptide Collection
FAMAS ZX Spectron,Restricted,The Operation Riptide Collection
MAG-7 BI83 Spectrum,Restricted,The Operation Riptide Collection
XM1014 Watchdog,Mil-spec,The Operation Riptide Collection
USP-S Black Lotus,Mil-spec,The Operation Riptide Collection
PP-Bizon Lumen,Mil-spec,The Operation Riptide Collection
MP7 Guerrilla,Mil-spec,The Operation Riptide Collection
G3SG1 Keeping Tabs,Mil-spec,The Operation Riptide Collection
Dual Berettas Tread,Mil-spec,The Operation Riptide Collection
AUG Plague,Mil-spec,The Operation Riptide Collection
AK-47 Nightwish,Covert,The Dreams & Nightmares Collection
MP9 Starlight Protector,Covert,The Dreams & Nightmares Collection
Dual Berettas Melondrama,Classified,The Dreams & Nightmares Collection
FAMAS Rapid Eye Movement,Classified,The Dreams & Nightmares Collection
MP7 Abyssal Apparition,Classified,The Dreams & Nightmares Collection
PP-Bizon Space Cat,Restricted,The Dreams & Nightmares Collection
G3SG1 Dream Glade,Restricted,The Dreams & Nightmares Collection
M4A1-S Night Terror,Restricted,The Dreams & Nightmares Collection
XM1014 Zombie Offensive,Restricted,The Dreams & Nightmares Collection
USP-S Ticket to Hell,Restricted,The Dreams & Nightmares Collection
Five-SeveN Scrawl,Mil-spec,The Dreams & Nightmares Collection
MAC-10 Ensnared,Mil-spec,The Dreams & Nightmares Collection
MAG-7 Foresight,Mil-spec,The Dreams & Nightmares Collection
MP5-SD Necro Jr.,Mil-spec,The Dreams & Nightmares Collection
P2000 Lifted Spirits,Mil-spec,The Dreams & Nightmares Collection
SCAR-20 Poultrygeist,Mil-spec,The Dreams & Nightmares Collection
Sawed-Off Spirit Board,Mil-spec,The Dreams & Nightmares Collection
USP-S Printstream,Covert,The Recoil Collection
AWP Chromatic Aberration,Covert,The Recoil Collection
AK-47 Ice Coaled,Classified,The Recoil Collection
P250 Visions,Classified,The Recoil Collection
Sawed-Off Kiss?Love,Classified,The Recoil Collection
SG 553 Dragon Tech,Restricted,The Recoil Collection
P90 Vent Rush,Restricted,The Recoil Collection
Dual Berettas Flora Carnivora,Restricted,The Recoil Collection
R8 Revolver Crazy 8,Restricted,The Recoil Collection
M249 Downtown,Restricted,The Recoil Collection
FAMAS Meow 36,Mil-spec,The Recoil Collection
Galil AR Destroyer,Mil-spec,The Recoil Collection
M4A4 Poly Mag,Mil-spec,The Recoil Collection
MAC-10 Monkeyflage,Mil-spec,The Recoil Collection
Negev Drop Me,Mil-spec,The Recoil Collection
UMP-45 Roadblock,Mil-spec,The Recoil Collection
Glock-18 Winterized,Mil-spec,The Recoil Collection
AK-47 Head Shot,Covert,The Revolution Collection
M4A4 Temukau,Covert,The Revolution Collection
P2000 Wicked Sick,Classified,The Revolution Collection
UMP-45 Wild Child,Classified,The Revolution Collection
P90 Neoqueen,Restricted,The Revolution Collection
R8 Revolver Banana Cannon,Restricted,The Revolution Collection
M4A1-S Emphorosaur-S,Restricted,The Revolution Collection
MAC-10 Sakkaku,Restricted,The Revolution Collection
Glock-18 Umbral Rabbit,Restricted,The Revolution Collection
MAG-7 Insomnia,Mil-spec,The Revolution Collection
MP9 Featherweight,Mil-spec,The Revolution Collection
SCAR-20 Fragments,Mil-spec,The Revolution Collection
P250 Re.built,Mil-spec,The Revolution Collection
MP5-SD Liquidation,Mil-spec,The Revolution Collection
SG 553 Cyberforce,Mil-spec,The Revolution Collection
Tec-9 Rebel,Mil-spec,The Revolution Collection
AWP Duality,Classified,The Revolution Collection
M4A4 Eye of Horus,Covert,The Anubis Collection
FAMAS Waters of Nephthys,Classified,The Anubis Collection
P250 Apep's Curse,Classified,The Anubis Collection
Glock-18 Ramese's Reach,Restricted,The Anubis Collection
Nova Sobek's Bite,Restricted,The Anubis Collection
P90 ScaraB Rush,Restricted,The Anubis Collection
AWP Black Nile,Mil-spec,The Anubis Collection
AK-47 Steel Delta,Mil-spec,The Anubis Collection
Tec-9 Mummy's Rot,Mil-spec,The Anubis Collection
MAG-7 Copper Coated,Mil-spec,The Anubis Collection
M4A1-S Mud-Spec,Industrial,The Anubis Collection
USP-S Desert Tactical,Industrial,The Anubis Collection
SSG 08 Azure Glyph,Industrial,The Anubis Collection
MAC-10 Echoing Sands,Industrial,The Anubis Collection
M249 Submerged,Consumer,The Anubis Collection
R8 Revolver Inlay,Consumer,The Anubis Collection
XM1014 Hieroglyph,Consumer,The Anubis Collection
AUG Snake Pit,Consumer,The Anubis Collection
MP7 Sunbaked,Consumer,The Anubis Collection
AK-47 Inheritance,Covert,The Kilowatt Collection
AWP Chrome Cannon,Covert,The Kilowatt Collection
USP-S Jawbreaker,Classified,The Kilowatt Collection
Zeus x27 Olympus,Classified,The Kilowatt Collection
M4A1-S Black Lotus,Classified,The Kilowatt Collection
Sawed-Off Analog Input,Restricted,The Kilowatt Collection
MP7 Just Smile,Restricted,The Kilowatt Collection
Five-SeveN Hybrid,Restricted,The Kilowatt Collection
M4A4 Etch Lord,Restricted,The Kilowatt Collection
Glock-18 Block-18,Restricted,The Kilowatt Collection
XM1014 Irezumi,Mil-spec,The Kilowatt Collection
UMP-45 Motorized,Mil-spec,The Kilowatt Collection
Tec-9 Slag,Mil-spec,The Kilowatt Collection
SSG 08 Dezastre,Mil-spec,The Kilowatt Collection
Nova Dark Sigil,Mil-spec,The Kilowatt Collection
MAC-10 Light Box,Mil-spec,The Kilowatt Collection
Dual Berettas Hideout,Mil-spec,The Kilowatt Collection
Desert Eagle Heat Treated,Classified,Limited Edition Item
M4A1-S Vaporwave,Covert,The Gallery Collection
Glock-18 Gold Toof,Covert,The Gallery Collection
UMP-45 Neo-Noir,Classified,The Gallery Collection
P250 Epicenter,Classified,The Gallery Collection
AK-47 The Outsiders,Classified,The Gallery Collection
SSG 08 Rapid Transit,Restricted,The Gallery Collection
P90 Randy Rush,Restricted,The Gallery Collection
MAC-10 Saib? Oni,Restricted,The Gallery Collection
M4A4 Turbine,Restricted,The Gallery Collection
Dual Berettas Hydro Strike,Restricted,The Gallery Collection
USP-S 27,Mil-spec,The Gallery Collection
SCAR-20 Trail Blazer,Mil-spec,The Gallery Collection
R8 Revolver Tango,Mil-spec,The Gallery Collection
MP5-SD Statics,Mil-spec,The Gallery Collection
M249 Hypnosis,Mil-spec,The Gallery Collection
Desert Eagle Calligraffiti,Mil-spec,The Gallery Collection
AUG Luxe Trim,Mil-spec,The Gallery Collection
AWP CMYK,Covert,The Graphic Design Collection
Desert Eagle Starcade,Classified,The Graphic Design Collection
AUG Lil' Pig,Classified,The Graphic Design Collection
P90 Attack Vector,Restricted,The Graphic Design Collection
M4A4 Polysoup,Restricted,The Graphic Design Collection
CZ75-Auto Slalom,Restricted,The Graphic Design Collection
XM1014 Halftone Shift,Mil-spec,The Graphic Design Collection
SG 553 Berry Gel Coat,Mil-spec,The Graphic Design Collection
SCAR-20 Wild Berry,Mil-spec,The Graphic Design Collection
AK-47 Crossfade,Mil-spec,The Graphic Design Collection
SSG 08 Halftone Whorl,Industrial,The Graphic Design Collection
P2000 Coral Halftone,Industrial,The Graphic Design Collection
MP7 Astrolabe,Industrial,The Graphic Design Collection
M249 Spectrogram,Industrial,The Graphic Design Collection
Galil AR NV,Industrial,The Graphic Design Collection
FAMAS Halftone Wash,Industrial,The Graphic Design Collection
AK-47 B the Monster,Covert,The Overpass 2024 Collection
Zeus x27 Dragon Snore,Classified,The Overpass 2024 Collection
AWP Crakow!,Classified,The Overpass 2024 Collection
XM1014 Monster Melt,Restricted,The Overpass 2024 Collection
Dual Berettas Sweet Little Angels,Restricted,The Overpass 2024 Collection
AUG Eye of Zapems,Restricted,The Overpass 2024 Collection
Nova Wurst Hölle,Mil-spec,The Overpass 2024 Collection
MAC-10 Pipsqueak,Mil-spec,The Overpass 2024 Collection
Glock-18 Teal Graf,Mil-spec,The Overpass 2024 Collection
Galil AR Metallic Squeezer,Mil-spec,The Overpass 2024 Collection
MP5-SD Neon Squeezer,Industrial,The Overpass 2024 Collection
P90 Wash me,Industrial,The Overpass 2024 Collection
Negev Wall Bang,Industrial,The Overpass 2024 Collection
M4A1-S Wash me plz,Industrial,The Overpass 2024 Collection
Five-SeveN Midnight Paintover,Industrial,The Overpass 2024 Collection
Desert Eagle Tilted,Industrial,The Overpass 2024 Collection
M4A1-S Fade,Covert,The Sport & Field Collection
Glock-18 AXIA,Classified,The Sport & Field Collection
Galil AR Rainbow Spoon,Classified,The Sport & Field Collection
UMP-45 Crimson Foil,Restricted,The Sport & Field Collection
MP9 Arctic Tri-Tone,Restricted,The Sport & Field Collection
Five-SeveN Heat Treated,Restricted,The Sport & Field Collection
USP-S Alpine Camo,Mil-spec,The Sport & Field Collection
SSG 08 Zeno,Mil-spec,The Sport & Field Collection
P250 Small Game,Mil-spec,The Sport & Field Collection
Nova Yorkshire,Mil-spec,The Sport & Field Collection
MP5-SD Savannah Halftone,Industrial,The Sport & Field Collection
PP-Bizon Cold Cell,Industrial,The Sport & Field Collection
Tec-9 Tiger Stencil,Industrial,The Sport & Field Collection
MAG-7 Wildwood,Industrial,The Sport & Field Collection
FAMAS Half Sleeve,Industrial,The Sport & Field Collection
AK-47 Olive Polycam,Industrial,The Sport & Field Collection
